{
    "loss": 8.3196382522583,
    "accuracy": 0.47826087474823
}